,scBarcode,scUMI,ngene,mito,celltype,sizefactor,batch,Barcode
batch1_CD141_P10_S73,CD141_P10_S73,1000000.31,5811,0,CD141,0.67344998,batch1,batch1_CD141_P10_S73
batch1_CD141_P10_S74,CD141_P10_S74,1000000.38,4779,0,CD141,0.79682964,batch1,batch1_CD141_P10_S74
batch1_CD141_P10_S75,CD141_P10_S75,1000000.17,5899,0,CD141,0.7048685,batch1,batch1_CD141_P10_S75
batch1_CD141_P10_S76,CD141_P10_S76,1000000.07,4178,0,CD141,0.62876025,batch1,batch1_CD141_P10_S76
batch1_CD141_P10_S77,CD141_P10_S77,999999.769999997,6128,0,CD141,0.73582825,batch1,batch1_CD141_P10_S77
batch1_CD141_P10_S78,CD141_P10_S78,999999.700000002,6750,0,CD141,0.79726971,batch1,batch1_CD141_P10_S78
batch1_CD141_P10_S79,CD141_P10_S79,999999.340000001,6342,0,CD141,0.68641754,batch1,batch1_CD141_P10_S79
batch1_CD141_P10_S80,CD141_P10_S80,1000000.3,6893,0,CD141,0.69701886,batch1,batch1_CD141_P10_S80
batch1_CD141_P10_S81,CD141_P10_S81,1000000.35,6687,0,CD141,0.82157945,batch1,batch1_CD141_P10_S81
batch1_CD141_P10_S82,CD141_P10_S82,1000000.07,6427,0,CD141,0.75794721,batch1,batch1_CD141_P10_S82
batch1_CD141_P10_S83,CD141_P10_S83,1000000.24,4169,0,CD141,0.57050517,batch1,batch1_CD141_P10_S83
batch1_CD141_P10_S84,CD141_P10_S84,999999.949999999,5982,0,CD141,0.76978615,batch1,batch1_CD141_P10_S84
batch1_CD141_P10_S85,CD141_P10_S85,1000000.18,6201,0,CD141,0.71798263,batch1,batch1_CD141_P10_S85
batch1_CD141_P10_S86,CD141_P10_S86,1000000.06,5048,0,CD141,0.67831025,batch1,batch1_CD141_P10_S86
batch1_CD141_P10_S87,CD141_P10_S87,1000000.52,5707,0,CD141,0.76415102,batch1,batch1_CD141_P10_S87
batch1_CD141_P10_S88,CD141_P10_S88,999999.689999997,6247,0,CD141,0.67822704,batch1,batch1_CD141_P10_S88
batch1_CD141_P10_S89,CD141_P10_S89,999999.879999998,6724,0,CD141,0.72961369,batch1,batch1_CD141_P10_S89
batch1_CD141_P10_S90,CD141_P10_S90,1000000.23,7123,0,CD141,0.81620501,batch1,batch1_CD141_P10_S90
batch1_CD141_P10_S91,CD141_P10_S91,999999.589999997,6742,0,CD141,0.73249643,batch1,batch1_CD141_P10_S91
batch1_CD141_P10_S92,CD141_P10_S92,999999.959999998,6920,0,CD141,0.74811102,batch1,batch1_CD141_P10_S92
batch1_CD141_P10_S93,CD141_P10_S93,999999.930000001,6164,0,CD141,0.70257018,batch1,batch1_CD141_P10_S93
batch1_CD141_P10_S94,CD141_P10_S94,1000000.15,6653,0,CD141,0.76860838,batch1,batch1_CD141_P10_S94
batch1_CD141_P10_S95,CD141_P10_S95,1000000.21,7243,0,CD141,0.67694459,batch1,batch1_CD141_P10_S95
batch1_CD141_P10_S96,CD141_P10_S96,999999.920000001,6388,0,CD141,0.66896155,batch1,batch1_CD141_P10_S96
batch1_CD141_P7_S10,CD141_P7_S10,999999.980000004,6445,0,CD141,0.67957373,batch1,batch1_CD141_P7_S10
batch1_CD141_P7_S11,CD141_P7_S11,999999.919999999,5599,0,CD141,0.66564599,batch1,batch1_CD141_P7_S11
batch1_CD141_P7_S12,CD141_P7_S12,1000000.32,6818,0,CD141,0.74751674,batch1,batch1_CD141_P7_S12
batch1_CD141_P7_S13,CD141_P7_S13,1000000.04,5867,0,CD141,0.69068427,batch1,batch1_CD141_P7_S13
batch1_CD141_P7_S14,CD141_P7_S14,1000000.19,6404,0,CD141,0.66134233,batch1,batch1_CD141_P7_S14
batch1_CD141_P7_S15,CD141_P7_S15,999999.71,6970,0,CD141,0.65399127,batch1,batch1_CD141_P7_S15
batch1_CD141_P7_S16,CD141_P7_S16,1000000.19,6948,0,CD141,0.68114488,batch1,batch1_CD141_P7_S16
batch1_CD141_P7_S17,CD141_P7_S17,1000000.54,10542,0,CD141,0.68872926,batch1,batch1_CD141_P7_S17
batch1_CD141_P7_S18,CD141_P7_S18,1000000.15,7185,0,CD141,0.71105369,batch1,batch1_CD141_P7_S18
batch1_CD141_P7_S19,CD141_P7_S19,1000000.22,6187,0,CD141,0.68535319,batch1,batch1_CD141_P7_S19
batch1_CD141_P7_S1,CD141_P7_S1,1000000.0,5820,0,CD141,0.64991489,batch1,batch1_CD141_P7_S1
batch1_CD141_P7_S20,CD141_P7_S20,1000000.25,6292,0,CD141,0.65355883,batch1,batch1_CD141_P7_S20
batch1_CD141_P7_S21,CD141_P7_S21,999999.809999999,7392,0,CD141,0.68175208,batch1,batch1_CD141_P7_S21
batch1_CD141_P7_S22,CD141_P7_S22,1000000.47,6790,0,CD141,0.68246266,batch1,batch1_CD141_P7_S22
batch1_CD141_P7_S23,CD141_P7_S23,999999.639999997,6915,0,CD141,0.69389815,batch1,batch1_CD141_P7_S23
batch1_CD141_P7_S24,CD141_P7_S24,999999.690000001,7192,0,CD141,0.74434251,batch1,batch1_CD141_P7_S24
batch1_CD141_P7_S2,CD141_P7_S2,1000000.59,6677,0,CD141,0.63516644,batch1,batch1_CD141_P7_S2
batch1_CD141_P7_S3,CD141_P7_S3,1000000.16,6693,0,CD141,0.60311061,batch1,batch1_CD141_P7_S3
batch1_CD141_P7_S4,CD141_P7_S4,999999.719999999,6802,0,CD141,0.70753484,batch1,batch1_CD141_P7_S4
batch1_CD141_P7_S5,CD141_P7_S5,999999.930000001,8413,0,CD141,0.66927058,batch1,batch1_CD141_P7_S5
batch1_CD141_P7_S6,CD141_P7_S6,999999.840000003,6949,0,CD141,0.66665735,batch1,batch1_CD141_P7_S6
batch1_CD141_P7_S7,CD141_P7_S7,1000000.33,7027,0,CD141,0.77764367,batch1,batch1_CD141_P7_S7
batch1_CD141_P7_S8,CD141_P7_S8,1000000.23,7245,0,CD141,0.65588648,batch1,batch1_CD141_P7_S8
batch1_CD141_P7_S9,CD141_P7_S9,1000000.24,6422,0,CD141,0.64442588,batch1,batch1_CD141_P7_S9
batch1_CD141_P8_S25,CD141_P8_S25,1000000.0,5681,0,CD141,0.6593889,batch1,batch1_CD141_P8_S25
batch1_CD141_P8_S26,CD141_P8_S26,999999.66,5450,0,CD141,0.64643951,batch1,batch1_CD141_P8_S26
batch1_CD141_P8_S27,CD141_P8_S27,999999.840000001,5541,0,CD141,0.68949124,batch1,batch1_CD141_P8_S27
batch1_CD141_P8_S28,CD141_P8_S28,999999.969999997,6864,0,CD141,0.6111603,batch1,batch1_CD141_P8_S28
batch1_CD141_P8_S29,CD141_P8_S29,999999.98,21,0,CD141,0.065499,batch1,batch1_CD141_P8_S29
batch1_CD141_P8_S30,CD141_P8_S30,999999.820000001,6877,0,CD141,0.66159073,batch1,batch1_CD141_P8_S30
batch1_CD141_P8_S31,CD141_P8_S31,999999.999999998,6678,0,CD141,0.68957522,batch1,batch1_CD141_P8_S31
batch1_CD141_P8_S32,CD141_P8_S32,999999.74,5258,0,CD141,0.67187828,batch1,batch1_CD141_P8_S32
batch1_CD141_P8_S33,CD141_P8_S33,1000000.28,4703,0,CD141,0.63249165,batch1,batch1_CD141_P8_S33
batch1_CD141_P8_S34,CD141_P8_S34,999999.950000004,5535,0,CD141,0.65550221,batch1,batch1_CD141_P8_S34
batch1_CD141_P8_S35,CD141_P8_S35,999999.55,5824,0,CD141,0.62112818,batch1,batch1_CD141_P8_S35
batch1_CD141_P8_S36,CD141_P8_S36,1000000.11,5567,0,CD141,0.6358014,batch1,batch1_CD141_P8_S36
batch1_CD141_P8_S37,CD141_P8_S37,999999.469999998,6708,0,CD141,0.71980349,batch1,batch1_CD141_P8_S37
batch1_CD141_P8_S38,CD141_P8_S38,999999.589999998,5980,0,CD141,0.70592165,batch1,batch1_CD141_P8_S38
batch1_CD141_P8_S39,CD141_P8_S39,999999.980000001,5430,0,CD141,0.64029792,batch1,batch1_CD141_P8_S39
batch1_CD141_P8_S40,CD141_P8_S40,1000000.02,5104,0,CD141,0.71132053,batch1,batch1_CD141_P8_S40
batch1_CD141_P8_S41,CD141_P8_S41,1000000.0,21,0,CD141,0.065499,batch1,batch1_CD141_P8_S41
batch1_CD141_P8_S42,CD141_P8_S42,1000000.12,5563,0,CD141,0.77349929,batch1,batch1_CD141_P8_S42
batch1_CD141_P8_S43,CD141_P8_S43,999999.65,5484,0,CD141,0.66472961,batch1,batch1_CD141_P8_S43
batch1_CD141_P8_S44,CD141_P8_S44,1000000.29,5536,0,CD141,0.67898263,batch1,batch1_CD141_P8_S44
batch1_CD141_P8_S45,CD141_P8_S45,1000000.62,6187,0,CD141,0.64309896,batch1,batch1_CD141_P8_S45
batch1_CD141_P8_S46,CD141_P8_S46,1000000.14,6375,0,CD141,0.66994557,batch1,batch1_CD141_P8_S46
batch1_CD141_P8_S47,CD141_P8_S47,1000000.19,5675,0,CD141,0.61907506,batch1,batch1_CD141_P8_S47
batch1_CD141_P8_S48,CD141_P8_S48,1000000.32,4973,0,CD141,0.65556999,batch1,batch1_CD141_P8_S48
batch1_CD141_P9_S49,CD141_P9_S49,999999.850000001,6802,0,CD141,0.71040847,batch1,batch1_CD141_P9_S49
batch1_CD141_P9_S50,CD141_P9_S50,999999.63,6524,0,CD141,0.69676483,batch1,batch1_CD141_P9_S50
batch1_CD141_P9_S51,CD141_P9_S51,1000000.05,6355,0,CD141,0.83493003,batch1,batch1_CD141_P9_S51
batch1_CD141_P9_S52,CD141_P9_S52,1000000.03,6126,0,CD141,0.73564186,batch1,batch1_CD141_P9_S52
batch1_CD141_P9_S53,CD141_P9_S53,1000000.03,6139,0,CD141,0.67056991,batch1,batch1_CD141_P9_S53
batch1_CD141_P9_S54,CD141_P9_S54,1000000.11,5755,0,CD141,0.71324883,batch1,batch1_CD141_P9_S54
batch1_CD141_P9_S55,CD141_P9_S55,999999.690000002,5955,0,CD141,0.75799023,batch1,batch1_CD141_P9_S55
batch1_CD141_P9_S56,CD141_P9_S56,999999.959999999,5160,0,CD141,0.65297375,batch1,batch1_CD141_P9_S56
batch1_CD141_P9_S57,CD141_P9_S57,999999.980000001,6278,0,CD141,0.70604747,batch1,batch1_CD141_P9_S57
batch1_CD141_P9_S58,CD141_P9_S58,1000000.13,6080,0,CD141,0.72340582,batch1,batch1_CD141_P9_S58
batch1_CD141_P9_S59,CD141_P9_S59,1000000.24000001,6461,0,CD141,0.74184013,batch1,batch1_CD141_P9_S59
batch1_CD141_P9_S60,CD141_P9_S60,999999.97,379,0,CD141,0.64256302,batch1,batch1_CD141_P9_S60
batch1_CD141_P9_S61,CD141_P9_S61,1000000.55,6442,0,CD141,0.68210851,batch1,batch1_CD141_P9_S61
batch1_CD141_P9_S62,CD141_P9_S62,1000000.18,6371,0,CD141,0.72058637,batch1,batch1_CD141_P9_S62
batch1_CD141_P9_S63,CD141_P9_S63,1000000.3,6791,0,CD141,0.70341953,batch1,batch1_CD141_P9_S63
batch1_CD141_P9_S64,CD141_P9_S64,999999.68,6477,0,CD141,0.71215878,batch1,batch1_CD141_P9_S64
batch1_CD141_P9_S65,CD141_P9_S65,1000000.03,6469,0,CD141,0.73421779,batch1,batch1_CD141_P9_S65
batch1_CD141_P9_S66,CD141_P9_S66,1000000.08,2618,0,CD141,0.69241658,batch1,batch1_CD141_P9_S66
batch1_CD141_P9_S67,CD141_P9_S67,999999.980000001,6078,0,CD141,0.75494447,batch1,batch1_CD141_P9_S67
batch1_CD141_P9_S68,CD141_P9_S68,999999.909999998,5906,0,CD141,0.69061698,batch1,batch1_CD141_P9_S68
batch1_CD141_P9_S69,CD141_P9_S69,999999.689999999,6271,0,CD141,0.76419619,batch1,batch1_CD141_P9_S69
batch1_CD141_P9_S70,CD141_P9_S70,999999.85,6341,0,CD141,0.78197743,batch1,batch1_CD141_P9_S70
batch1_CD141_P9_S71,CD141_P9_S71,999999.679999998,5625,0,CD141,0.71113488,batch1,batch1_CD141_P9_S71
batch1_CD141_P9_S72,CD141_P9_S72,999999.79,5393,0,CD141,0.68088196,batch1,batch1_CD141_P9_S72
batch1_pDC_P10_S73,pDC_P10_S73,1000000.18,6962,0,pDC,0.83288382,batch1,batch1_pDC_P10_S73
batch1_pDC_P10_S74,pDC_P10_S74,999999.839999999,6617,0,pDC,0.85587927,batch1,batch1_pDC_P10_S74
batch1_pDC_P10_S75,pDC_P10_S75,999999.790000001,6523,0,pDC,0.80782964,batch1,batch1_pDC_P10_S75
batch1_pDC_P10_S76,pDC_P10_S76,1000000.28,6452,0,pDC,0.87126226,batch1,batch1_pDC_P10_S76
batch1_pDC_P10_S77,pDC_P10_S77,999999.950000001,6907,0,pDC,0.83282719,batch1,batch1_pDC_P10_S77
batch1_pDC_P10_S78,pDC_P10_S78,1000000.35,6206,0,pDC,0.84220368,batch1,batch1_pDC_P10_S78
batch1_pDC_P10_S79,pDC_P10_S79,1000000.27,6473,0,pDC,0.87066295,batch1,batch1_pDC_P10_S79
batch1_pDC_P10_S80,pDC_P10_S80,999999.840000002,6465,0,pDC,0.8361995,batch1,batch1_pDC_P10_S80
batch1_pDC_P10_S81,pDC_P10_S81,1000000.13,6560,0,pDC,0.84066276,batch1,batch1_pDC_P10_S81
batch1_pDC_P10_S82,pDC_P10_S82,1000000.09,6339,0,pDC,0.87127289,batch1,batch1_pDC_P10_S82
batch1_pDC_P10_S83,pDC_P10_S83,999999.970000003,6503,0,pDC,0.85100317,batch1,batch1_pDC_P10_S83
batch1_pDC_P10_S84,pDC_P10_S84,1000000.19,6188,0,pDC,0.84922843,batch1,batch1_pDC_P10_S84
batch1_pDC_P10_S85,pDC_P10_S85,999999.849999999,5264,0,pDC,0.84763349,batch1,batch1_pDC_P10_S85
batch1_pDC_P10_S86,pDC_P10_S86,999999.790000003,5593,0,pDC,0.8366554,batch1,batch1_pDC_P10_S86
batch1_pDC_P10_S87,pDC_P10_S87,1000000.45,6472,0,pDC,0.83172629,batch1,batch1_pDC_P10_S87
batch1_pDC_P10_S88,pDC_P10_S88,999999.67,6744,0,pDC,0.83686348,batch1,batch1_pDC_P10_S88
batch1_pDC_P10_S89,pDC_P10_S89,1000000.19,4953,0,pDC,0.81630494,batch1,batch1_pDC_P10_S89
batch1_pDC_P10_S90,pDC_P10_S90,999999.780000001,6010,0,pDC,0.84840231,batch1,batch1_pDC_P10_S90
batch1_pDC_P10_S91,pDC_P10_S91,1000000.04,6282,0,pDC,0.85859074,batch1,batch1_pDC_P10_S91
batch1_pDC_P10_S92,pDC_P10_S92,999999.979999999,6661,0,pDC,0.84832391,batch1,batch1_pDC_P10_S92
batch1_pDC_P10_S93,pDC_P10_S93,1000000.18,7165,0,pDC,0.86370862,batch1,batch1_pDC_P10_S93
batch1_pDC_P10_S94,pDC_P10_S94,999999.65,5742,0,pDC,0.82147669,batch1,batch1_pDC_P10_S94
batch1_pDC_P10_S95,pDC_P10_S95,1000000.2,5941,0,pDC,0.83496875,batch1,batch1_pDC_P10_S95
batch1_pDC_P10_S96,pDC_P10_S96,999999.98,4343,0,pDC,0.74147993,batch1,batch1_pDC_P10_S96
batch1_pDC_P7_S10,pDC_P7_S10,999999.850000002,6223,0,pDC,0.80050345,batch1,batch1_pDC_P7_S10
batch1_pDC_P7_S11,pDC_P7_S11,1000000.38,6137,0,pDC,0.84619178,batch1,batch1_pDC_P7_S11
batch1_pDC_P7_S12,pDC_P7_S12,999999.950000001,7283,0,pDC,0.81917152,batch1,batch1_pDC_P7_S12
batch1_pDC_P7_S13,pDC_P7_S13,1000000.05,5409,0,pDC,0.84382821,batch1,batch1_pDC_P7_S13
batch1_pDC_P7_S14,pDC_P7_S14,1000000.12,6953,0,pDC,0.84705726,batch1,batch1_pDC_P7_S14
batch1_pDC_P7_S15,pDC_P7_S15,999999.960000003,6816,0,pDC,0.79269235,batch1,batch1_pDC_P7_S15
batch1_pDC_P7_S16,pDC_P7_S16,1000000.14,6865,0,pDC,0.81547672,batch1,batch1_pDC_P7_S16
batch1_pDC_P7_S17,pDC_P7_S17,1000000.3,8023,0,pDC,0.84440509,batch1,batch1_pDC_P7_S17
batch1_pDC_P7_S18,pDC_P7_S18,999999.930000001,5639,0,pDC,0.81469128,batch1,batch1_pDC_P7_S18
batch1_pDC_P7_S19,pDC_P7_S19,999999.669999997,6416,0,pDC,0.83314567,batch1,batch1_pDC_P7_S19
batch1_pDC_P7_S1,pDC_P7_S1,999999.800000001,5345,0,pDC,0.82658161,batch1,batch1_pDC_P7_S1
batch1_pDC_P7_S20,pDC_P7_S20,1000000.09,6551,0,pDC,0.84123416,batch1,batch1_pDC_P7_S20
batch1_pDC_P7_S21,pDC_P7_S21,1000000.12,6886,0,pDC,0.8294694,batch1,batch1_pDC_P7_S21
batch1_pDC_P7_S22,pDC_P7_S22,999999.800000001,6334,0,pDC,0.82905028,batch1,batch1_pDC_P7_S22
batch1_pDC_P7_S23,pDC_P7_S23,1000000.09,6117,0,pDC,0.84469297,batch1,batch1_pDC_P7_S23
batch1_pDC_P7_S24,pDC_P7_S24,999999.880000002,6972,0,pDC,0.85236136,batch1,batch1_pDC_P7_S24
batch1_pDC_P7_S2,pDC_P7_S2,1000000.4,6374,0,pDC,0.82563388,batch1,batch1_pDC_P7_S2
batch1_pDC_P7_S3,pDC_P7_S3,999999.959999998,6535,0,pDC,0.83327982,batch1,batch1_pDC_P7_S3
batch1_pDC_P7_S4,pDC_P7_S4,999999.5,6879,0,pDC,0.83629637,batch1,batch1_pDC_P7_S4
batch1_pDC_P7_S5,pDC_P7_S5,999999.739999994,8357,0,pDC,0.84459499,batch1,batch1_pDC_P7_S5
batch1_pDC_P7_S6,pDC_P7_S6,1000000.31,6671,0,pDC,0.84489842,batch1,batch1_pDC_P7_S6
batch1_pDC_P7_S7,pDC_P7_S7,999999.809999997,6060,0,pDC,0.83582143,batch1,batch1_pDC_P7_S7
batch1_pDC_P7_S8,pDC_P7_S8,999999.79,6736,0,pDC,0.82605277,batch1,batch1_pDC_P7_S8
batch1_pDC_P7_S9,pDC_P7_S9,999999.750000002,7158,0,pDC,0.81055191,batch1,batch1_pDC_P7_S9
batch1_pDC_P8_S25,pDC_P8_S25,999999.9,6506,0,pDC,0.86329811,batch1,batch1_pDC_P8_S25
batch1_pDC_P8_S26,pDC_P8_S26,1000000.01,6100,0,pDC,0.82655731,batch1,batch1_pDC_P8_S26
batch1_pDC_P8_S27,pDC_P8_S27,1000000.0,5836,0,pDC,0.83711506,batch1,batch1_pDC_P8_S27
batch1_pDC_P8_S28,pDC_P8_S28,1000000.38,6134,0,pDC,0.85200753,batch1,batch1_pDC_P8_S28
batch1_pDC_P8_S29,pDC_P8_S29,999999.98,119,0,pDC,0.34606445,batch1,batch1_pDC_P8_S29
batch1_pDC_P8_S30,pDC_P8_S30,999999.830000003,5453,0,pDC,0.82411063,batch1,batch1_pDC_P8_S30
batch1_pDC_P8_S31,pDC_P8_S31,1000000.25,6125,0,pDC,0.79115819,batch1,batch1_pDC_P8_S31
batch1_pDC_P8_S32,pDC_P8_S32,1000000.18,5677,0,pDC,0.84781805,batch1,batch1_pDC_P8_S32
batch1_pDC_P8_S33,pDC_P8_S33,1000000.32,4592,0,pDC,0.82481037,batch1,batch1_pDC_P8_S33
batch1_pDC_P8_S34,pDC_P8_S34,999999.879999996,5501,0,pDC,0.83620449,batch1,batch1_pDC_P8_S34
batch1_pDC_P8_S35,pDC_P8_S35,999999.859999999,5201,0,pDC,0.76204393,batch1,batch1_pDC_P8_S35
batch1_pDC_P8_S36,pDC_P8_S36,999999.750000001,4622,0,pDC,0.85157617,batch1,batch1_pDC_P8_S36
batch1_pDC_P8_S37,pDC_P8_S37,999999.92,5693,0,pDC,0.83600694,batch1,batch1_pDC_P8_S37
batch1_pDC_P8_S38,pDC_P8_S38,1000000.13,5613,0,pDC,0.81967518,batch1,batch1_pDC_P8_S38
batch1_pDC_P8_S39,pDC_P8_S39,999999.600000001,5294,0,pDC,0.85386324,batch1,batch1_pDC_P8_S39
batch1_pDC_P8_S40,pDC_P8_S40,1000000.08,5571,0,pDC,0.85602933,batch1,batch1_pDC_P8_S40
batch1_pDC_P8_S41,pDC_P8_S41,999999.99,39,0,pDC,0.121641,batch1,batch1_pDC_P8_S41
batch1_pDC_P8_S42,pDC_P8_S42,1000000.16,5572,0,pDC,0.84779963,batch1,batch1_pDC_P8_S42
batch1_pDC_P8_S43,pDC_P8_S43,999999.88,1458,0,pDC,0.0428312,batch1,batch1_pDC_P8_S43
batch1_pDC_P8_S44,pDC_P8_S44,1000000.17,4500,0,pDC,0.84790069,batch1,batch1_pDC_P8_S44
batch1_pDC_P8_S45,pDC_P8_S45,1000000.2,3894,0,pDC,0.83212868,batch1,batch1_pDC_P8_S45
batch1_pDC_P8_S46,pDC_P8_S46,999999.98,5103,0,pDC,0.81969897,batch1,batch1_pDC_P8_S46
batch1_pDC_P8_S47,pDC_P8_S47,999999.709999999,4664,0,pDC,0.81253166,batch1,batch1_pDC_P8_S47
batch1_pDC_P8_S48,pDC_P8_S48,999999.99,4832,0,pDC,0.83249618,batch1,batch1_pDC_P8_S48
batch1_pDC_P9_S49,pDC_P9_S49,1000000.21,6516,0,pDC,0.8408279,batch1,batch1_pDC_P9_S49
batch1_pDC_P9_S50,pDC_P9_S50,1000000.03,6615,0,pDC,0.81668384,batch1,batch1_pDC_P9_S50
batch1_pDC_P9_S51,pDC_P9_S51,999999.82,6028,0,pDC,0.87280526,batch1,batch1_pDC_P9_S51
batch1_pDC_P9_S52,pDC_P9_S52,1000000.14,6289,0,pDC,0.83686391,batch1,batch1_pDC_P9_S52
batch1_pDC_P9_S53,pDC_P9_S53,1000000.27,5490,0,pDC,0.73801045,batch1,batch1_pDC_P9_S53
batch1_pDC_P9_S54,pDC_P9_S54,1000000.08,5888,0,pDC,0.84785694,batch1,batch1_pDC_P9_S54
batch1_pDC_P9_S55,pDC_P9_S55,1000000.32,5297,0,pDC,0.81183266,batch1,batch1_pDC_P9_S55
batch1_pDC_P9_S56,pDC_P9_S56,1000000.3,5135,0,pDC,0.83527821,batch1,batch1_pDC_P9_S56
batch1_pDC_P9_S57,pDC_P9_S57,1000000.25,5559,0,pDC,0.87175298,batch1,batch1_pDC_P9_S57
batch1_pDC_P9_S58,pDC_P9_S58,1000000.27,5305,0,pDC,0.82786124,batch1,batch1_pDC_P9_S58
batch1_pDC_P9_S59,pDC_P9_S59,999999.66,6292,0,pDC,0.84770136,batch1,batch1_pDC_P9_S59
batch1_pDC_P9_S60,pDC_P9_S60,1000000.04,5915,0,pDC,0.86426863,batch1,batch1_pDC_P9_S60
batch1_pDC_P9_S61,pDC_P9_S61,999999.909999998,6430,0,pDC,0.85138562,batch1,batch1_pDC_P9_S61
batch1_pDC_P9_S62,pDC_P9_S62,999999.720000001,4367,0,pDC,0.72341169,batch1,batch1_pDC_P9_S62
batch1_pDC_P9_S63,pDC_P9_S63,1000000.12,6251,0,pDC,0.85787367,batch1,batch1_pDC_P9_S63
batch1_pDC_P9_S64,pDC_P9_S64,999999.620000004,4993,0,pDC,0.84706867,batch1,batch1_pDC_P9_S64
batch1_pDC_P9_S65,pDC_P9_S65,999999.569999999,6296,0,pDC,0.85197452,batch1,batch1_pDC_P9_S65
batch1_pDC_P9_S66,pDC_P9_S66,999999.870000001,5918,0,pDC,0.85193637,batch1,batch1_pDC_P9_S66
batch1_pDC_P9_S67,pDC_P9_S67,1000000.05,5946,0,pDC,0.84681944,batch1,batch1_pDC_P9_S67
batch1_pDC_P9_S68,pDC_P9_S68,999999.840000001,5826,0,pDC,0.83863864,batch1,batch1_pDC_P9_S68
batch1_pDC_P9_S69,pDC_P9_S69,1000000.19,5651,0,pDC,0.86040277,batch1,batch1_pDC_P9_S69
batch1_pDC_P9_S70,pDC_P9_S70,1000000.12,5217,0,pDC,0.86889995,batch1,batch1_pDC_P9_S70
batch1_pDC_P9_S71,pDC_P9_S71,1000000.09,5480,0,pDC,0.84095835,batch1,batch1_pDC_P9_S71
batch1_pDC_P9_S72,pDC_P9_S72,999999.949999998,5948,0,pDC,0.85381535,batch1,batch1_pDC_P9_S72
batch1_DoubleNeg_P10_S73,DoubleNeg_P10_S73,999999.680000002,6050,0,DoubleNeg,0.80247566,batch1,batch1_DoubleNeg_P10_S73
batch1_DoubleNeg_P10_S74,DoubleNeg_P10_S74,999999.960000003,6319,0,DoubleNeg,0.82103924,batch1,batch1_DoubleNeg_P10_S74
batch1_DoubleNeg_P10_S75,DoubleNeg_P10_S75,1000000.27,6341,0,DoubleNeg,0.80189134,batch1,batch1_DoubleNeg_P10_S75
batch1_DoubleNeg_P10_S76,DoubleNeg_P10_S76,1000000.29,6142,0,DoubleNeg,0.78388411,batch1,batch1_DoubleNeg_P10_S76
batch1_DoubleNeg_P10_S77,DoubleNeg_P10_S77,1000000.3,6691,0,DoubleNeg,0.77518761,batch1,batch1_DoubleNeg_P10_S77
batch1_DoubleNeg_P10_S78,DoubleNeg_P10_S78,999999.869999998,5473,0,DoubleNeg,0.78027053,batch1,batch1_DoubleNeg_P10_S78
batch1_DoubleNeg_P10_S79,DoubleNeg_P10_S79,1000000.2,5786,0,DoubleNeg,0.7231962,batch1,batch1_DoubleNeg_P10_S79
batch1_DoubleNeg_P10_S80,DoubleNeg_P10_S80,999999.970000001,6880,0,DoubleNeg,0.7809694,batch1,batch1_DoubleNeg_P10_S80
batch1_DoubleNeg_P10_S81,DoubleNeg_P10_S81,999999.909999997,6663,0,DoubleNeg,0.76458026,batch1,batch1_DoubleNeg_P10_S81
batch1_DoubleNeg_P10_S82,DoubleNeg_P10_S82,1000000.26,6784,0,DoubleNeg,0.77447035,batch1,batch1_DoubleNeg_P10_S82
batch1_DoubleNeg_P10_S83,DoubleNeg_P10_S83,999999.840000001,6588,0,DoubleNeg,0.79765537,batch1,batch1_DoubleNeg_P10_S83
batch1_DoubleNeg_P10_S84,DoubleNeg_P10_S84,999999.809999999,7025,0,DoubleNeg,0.78588755,batch1,batch1_DoubleNeg_P10_S84
batch1_DoubleNeg_P10_S85,DoubleNeg_P10_S85,1000000.02,5301,0,DoubleNeg,0.78400597,batch1,batch1_DoubleNeg_P10_S85
batch1_DoubleNeg_P10_S86,DoubleNeg_P10_S86,1000000.16,6021,0,DoubleNeg,0.82348873,batch1,batch1_DoubleNeg_P10_S86
batch1_DoubleNeg_P10_S87,DoubleNeg_P10_S87,1000000.39000001,6402,0,DoubleNeg,0.78221308,batch1,batch1_DoubleNeg_P10_S87
batch1_DoubleNeg_P10_S88,DoubleNeg_P10_S88,999999.81,6128,0,DoubleNeg,0.7984954,batch1,batch1_DoubleNeg_P10_S88
batch1_DoubleNeg_P10_S89,DoubleNeg_P10_S89,999999.93,5891,0,DoubleNeg,0.79030971,batch1,batch1_DoubleNeg_P10_S89
batch1_DoubleNeg_P10_S90,DoubleNeg_P10_S90,999999.939999999,4458,0,DoubleNeg,0.64472924,batch1,batch1_DoubleNeg_P10_S90
batch1_DoubleNeg_P10_S91,DoubleNeg_P10_S91,1000000.15,4881,0,DoubleNeg,0.75761885,batch1,batch1_DoubleNeg_P10_S91
batch1_DoubleNeg_P10_S92,DoubleNeg_P10_S92,1000000.14,5138,0,DoubleNeg,0.73066336,batch1,batch1_DoubleNeg_P10_S92
batch1_DoubleNeg_P10_S93,DoubleNeg_P10_S93,1000000.26,6154,0,DoubleNeg,0.79860513,batch1,batch1_DoubleNeg_P10_S93
batch1_DoubleNeg_P10_S94,DoubleNeg_P10_S94,999999.790000001,6345,0,DoubleNeg,0.7709644,batch1,batch1_DoubleNeg_P10_S94
batch1_DoubleNeg_P10_S95,DoubleNeg_P10_S95,999999.890000001,5925,0,DoubleNeg,0.77491075,batch1,batch1_DoubleNeg_P10_S95
batch1_DoubleNeg_P10_S96,DoubleNeg_P10_S96,1000000.17,5492,0,DoubleNeg,0.78601638,batch1,batch1_DoubleNeg_P10_S96
batch1_DoubleNeg_P7_S10,DoubleNeg_P7_S10,1000000.2,6568,0,DoubleNeg,0.75377512,batch1,batch1_DoubleNeg_P7_S10
batch1_DoubleNeg_P7_S11,DoubleNeg_P7_S11,1000000.01,7015,0,DoubleNeg,0.74400592,batch1,batch1_DoubleNeg_P7_S11
batch1_DoubleNeg_P7_S12,DoubleNeg_P7_S12,1000000.16,7092,0,DoubleNeg,0.76092015,batch1,batch1_DoubleNeg_P7_S12
batch1_DoubleNeg_P7_S13,DoubleNeg_P7_S13,999999.52,5816,0,DoubleNeg,0.76682356,batch1,batch1_DoubleNeg_P7_S13
batch1_DoubleNeg_P7_S14,DoubleNeg_P7_S14,1000000.3,7642,0,DoubleNeg,0.73625745,batch1,batch1_DoubleNeg_P7_S14
batch1_DoubleNeg_P7_S15,DoubleNeg_P7_S15,999999.66,6694,0,DoubleNeg,0.76711586,batch1,batch1_DoubleNeg_P7_S15
batch1_DoubleNeg_P7_S16,DoubleNeg_P7_S16,999999.57,6439,0,DoubleNeg,0.7889823,batch1,batch1_DoubleNeg_P7_S16
batch1_DoubleNeg_P7_S17,DoubleNeg_P7_S17,999999.950000001,7793,0,DoubleNeg,0.78003223,batch1,batch1_DoubleNeg_P7_S17
batch1_DoubleNeg_P7_S18,DoubleNeg_P7_S18,1000000.08,6709,0,DoubleNeg,0.76101918,batch1,batch1_DoubleNeg_P7_S18
batch1_DoubleNeg_P7_S19,DoubleNeg_P7_S19,999999.87,6485,0,DoubleNeg,0.77017389,batch1,batch1_DoubleNeg_P7_S19
batch1_DoubleNeg_P7_S1,DoubleNeg_P7_S1,999999.750000002,5029,0,DoubleNeg,0.77912777,batch1,batch1_DoubleNeg_P7_S1
batch1_DoubleNeg_P7_S20,DoubleNeg_P7_S20,1000000.3,6480,0,DoubleNeg,0.78353863,batch1,batch1_DoubleNeg_P7_S20
batch1_DoubleNeg_P7_S21,DoubleNeg_P7_S21,999999.71,6927,0,DoubleNeg,0.81178086,batch1,batch1_DoubleNeg_P7_S21
batch1_DoubleNeg_P7_S22,DoubleNeg_P7_S22,999999.780000001,7920,0,DoubleNeg,0.78087054,batch1,batch1_DoubleNeg_P7_S22
batch1_DoubleNeg_P7_S23,DoubleNeg_P7_S23,1000000.01,5929,0,DoubleNeg,0.76576864,batch1,batch1_DoubleNeg_P7_S23
batch1_DoubleNeg_P7_S24,DoubleNeg_P7_S24,999999.790000003,6510,0,DoubleNeg,0.74134886,batch1,batch1_DoubleNeg_P7_S24
batch1_DoubleNeg_P7_S2,DoubleNeg_P7_S2,1000000.25,6764,0,DoubleNeg,0.80092797,batch1,batch1_DoubleNeg_P7_S2
batch1_DoubleNeg_P7_S3,DoubleNeg_P7_S3,999999.66,6795,0,DoubleNeg,0.79415254,batch1,batch1_DoubleNeg_P7_S3
batch1_DoubleNeg_P7_S4,DoubleNeg_P7_S4,999999.839999998,7169,0,DoubleNeg,0.80672863,batch1,batch1_DoubleNeg_P7_S4
batch1_DoubleNeg_P7_S5,DoubleNeg_P7_S5,1000000.11,7901,0,DoubleNeg,0.75985681,batch1,batch1_DoubleNeg_P7_S5
batch1_DoubleNeg_P7_S6,DoubleNeg_P7_S6,999999.660000003,6715,0,DoubleNeg,0.71822066,batch1,batch1_DoubleNeg_P7_S6
batch1_DoubleNeg_P7_S7,DoubleNeg_P7_S7,999999.909999999,6364,0,DoubleNeg,0.77716905,batch1,batch1_DoubleNeg_P7_S7
batch1_DoubleNeg_P7_S8,DoubleNeg_P7_S8,999999.869999998,6333,0,DoubleNeg,0.7531923,batch1,batch1_DoubleNeg_P7_S8
batch1_DoubleNeg_P7_S9,DoubleNeg_P7_S9,999999.749999998,7082,0,DoubleNeg,0.78240897,batch1,batch1_DoubleNeg_P7_S9
batch1_DoubleNeg_P8_S25,DoubleNeg_P8_S25,999999.9,5704,0,DoubleNeg,0.77544422,batch1,batch1_DoubleNeg_P8_S25
batch1_DoubleNeg_P8_S26,DoubleNeg_P8_S26,999999.569999999,6713,0,DoubleNeg,0.72594325,batch1,batch1_DoubleNeg_P8_S26
batch1_DoubleNeg_P8_S27,DoubleNeg_P8_S27,999999.650000001,5735,0,DoubleNeg,0.81041056,batch1,batch1_DoubleNeg_P8_S27
batch1_DoubleNeg_P8_S28,DoubleNeg_P8_S28,999999.97,5092,0,DoubleNeg,0.7848495,batch1,batch1_DoubleNeg_P8_S28
batch1_DoubleNeg_P8_S29,DoubleNeg_P8_S29,999999.98,55,0,DoubleNeg,0.1690694,batch1,batch1_DoubleNeg_P8_S29
batch1_DoubleNeg_P8_S30,DoubleNeg_P8_S30,999999.950000001,4796,0,DoubleNeg,0.7868334,batch1,batch1_DoubleNeg_P8_S30
batch1_DoubleNeg_P8_S31,DoubleNeg_P8_S31,1000000.3,4710,0,DoubleNeg,0.7989568,batch1,batch1_DoubleNeg_P8_S31
batch1_DoubleNeg_P8_S32,DoubleNeg_P8_S32,1000000.01,6047,0,DoubleNeg,0.80579701,batch1,batch1_DoubleNeg_P8_S32
batch1_DoubleNeg_P8_S33,DoubleNeg_P8_S33,999999.97,4549,0,DoubleNeg,0.80116748,batch1,batch1_DoubleNeg_P8_S33
batch1_DoubleNeg_P8_S34,DoubleNeg_P8_S34,1000000.17,4714,0,DoubleNeg,0.80150711,batch1,batch1_DoubleNeg_P8_S34
batch1_DoubleNeg_P8_S35,DoubleNeg_P8_S35,1000000.26,4574,0,DoubleNeg,0.76394094,batch1,batch1_DoubleNeg_P8_S35
batch1_DoubleNeg_P8_S36,DoubleNeg_P8_S36,1000000.16,6174,0,DoubleNeg,0.7866506,batch1,batch1_DoubleNeg_P8_S36
batch1_DoubleNeg_P8_S37,DoubleNeg_P8_S37,999999.839999998,6406,0,DoubleNeg,0.79343997,batch1,batch1_DoubleNeg_P8_S37
batch1_DoubleNeg_P8_S38,DoubleNeg_P8_S38,999999.69,6566,0,DoubleNeg,0.76699903,batch1,batch1_DoubleNeg_P8_S38
batch1_DoubleNeg_P8_S39,DoubleNeg_P8_S39,1000000.13,4391,0,DoubleNeg,0.77208803,batch1,batch1_DoubleNeg_P8_S39
batch1_DoubleNeg_P8_S40,DoubleNeg_P8_S40,999999.600000002,5586,0,DoubleNeg,0.78939838,batch1,batch1_DoubleNeg_P8_S40
batch1_DoubleNeg_P8_S41,DoubleNeg_P8_S41,999999.98,231,0,DoubleNeg,0.55059733,batch1,batch1_DoubleNeg_P8_S41
batch1_DoubleNeg_P8_S42,DoubleNeg_P8_S42,999999.85,4500,0,DoubleNeg,0.77929692,batch1,batch1_DoubleNeg_P8_S42
batch1_DoubleNeg_P8_S43,DoubleNeg_P8_S43,1000000.41,6114,0,DoubleNeg,0.82316043,batch1,batch1_DoubleNeg_P8_S43
batch1_DoubleNeg_P8_S44,DoubleNeg_P8_S44,999999.900000003,4992,0,DoubleNeg,0.77307294,batch1,batch1_DoubleNeg_P8_S44
batch1_DoubleNeg_P8_S45,DoubleNeg_P8_S45,999999.72,5827,0,DoubleNeg,0.75939192,batch1,batch1_DoubleNeg_P8_S45
batch1_DoubleNeg_P8_S46,DoubleNeg_P8_S46,999999.519999998,5384,0,DoubleNeg,0.76435819,batch1,batch1_DoubleNeg_P8_S46
batch1_DoubleNeg_P8_S47,DoubleNeg_P8_S47,1000000.1,5696,0,DoubleNeg,0.74850402,batch1,batch1_DoubleNeg_P8_S47
batch1_DoubleNeg_P8_S48,DoubleNeg_P8_S48,1000000.23,6024,0,DoubleNeg,0.7858152,batch1,batch1_DoubleNeg_P8_S48
batch1_DoubleNeg_P9_S49,DoubleNeg_P9_S49,1000000.14,5481,0,DoubleNeg,0.78567002,batch1,batch1_DoubleNeg_P9_S49
batch1_DoubleNeg_P9_S50,DoubleNeg_P9_S50,1000000.17,5209,0,DoubleNeg,0.77794822,batch1,batch1_DoubleNeg_P9_S50
batch1_DoubleNeg_P9_S51,DoubleNeg_P9_S51,999999.970000004,5773,0,DoubleNeg,0.74886447,batch1,batch1_DoubleNeg_P9_S51
batch1_DoubleNeg_P9_S52,DoubleNeg_P9_S52,1000000.32,4724,0,DoubleNeg,0.78628564,batch1,batch1_DoubleNeg_P9_S52
batch1_DoubleNeg_P9_S53,DoubleNeg_P9_S53,999999.99,802,0,DoubleNeg,0.50875278,batch1,batch1_DoubleNeg_P9_S53
batch1_DoubleNeg_P9_S54,DoubleNeg_P9_S54,999999.66,4453,0,DoubleNeg,0.7632157,batch1,batch1_DoubleNeg_P9_S54
batch1_DoubleNeg_P9_S55,DoubleNeg_P9_S55,1000000.0,6192,0,DoubleNeg,0.80978799,batch1,batch1_DoubleNeg_P9_S55
batch1_DoubleNeg_P9_S56,DoubleNeg_P9_S56,999999.810000004,5543,0,DoubleNeg,0.77028122,batch1,batch1_DoubleNeg_P9_S56
batch1_DoubleNeg_P9_S57,DoubleNeg_P9_S57,999999.760000001,4578,0,DoubleNeg,0.51441206,batch1,batch1_DoubleNeg_P9_S57
batch1_DoubleNeg_P9_S58,DoubleNeg_P9_S58,999999.990000001,4958,0,DoubleNeg,0.76969806,batch1,batch1_DoubleNeg_P9_S58
batch1_DoubleNeg_P9_S59,DoubleNeg_P9_S59,999999.989999999,6375,0,DoubleNeg,0.79554943,batch1,batch1_DoubleNeg_P9_S59
batch1_DoubleNeg_P9_S60,DoubleNeg_P9_S60,999999.620000002,5298,0,DoubleNeg,0.79905292,batch1,batch1_DoubleNeg_P9_S60
batch1_DoubleNeg_P9_S61,DoubleNeg_P9_S61,999999.880000003,5173,0,DoubleNeg,0.78882593,batch1,batch1_DoubleNeg_P9_S61
batch1_DoubleNeg_P9_S62,DoubleNeg_P9_S62,999999.93,654,0,DoubleNeg,0.776084,batch1,batch1_DoubleNeg_P9_S62
batch1_DoubleNeg_P9_S63,DoubleNeg_P9_S63,999999.609999998,5466,0,DoubleNeg,0.80705752,batch1,batch1_DoubleNeg_P9_S63
batch1_DoubleNeg_P9_S64,DoubleNeg_P9_S64,999999.879999999,4567,0,DoubleNeg,0.78235991,batch1,batch1_DoubleNeg_P9_S64
batch1_DoubleNeg_P9_S65,DoubleNeg_P9_S65,1000000.23,4278,0,DoubleNeg,0.79001128,batch1,batch1_DoubleNeg_P9_S65
batch1_DoubleNeg_P9_S66,DoubleNeg_P9_S66,1000000.16,4993,0,DoubleNeg,0.78196194,batch1,batch1_DoubleNeg_P9_S66
batch1_DoubleNeg_P9_S67,DoubleNeg_P9_S67,999999.980000004,5039,0,DoubleNeg,0.77267362,batch1,batch1_DoubleNeg_P9_S67
batch1_DoubleNeg_P9_S68,DoubleNeg_P9_S68,999999.97,5645,0,DoubleNeg,0.76733913,batch1,batch1_DoubleNeg_P9_S68
batch1_DoubleNeg_P9_S69,DoubleNeg_P9_S69,999999.900000002,4514,0,DoubleNeg,0.81050916,batch1,batch1_DoubleNeg_P9_S69
batch1_DoubleNeg_P9_S70,DoubleNeg_P9_S70,999999.920000001,4536,0,DoubleNeg,0.80812628,batch1,batch1_DoubleNeg_P9_S70
batch1_DoubleNeg_P9_S71,DoubleNeg_P9_S71,999999.92,5275,0,DoubleNeg,0.78105452,batch1,batch1_DoubleNeg_P9_S71
batch1_DoubleNeg_P9_S72,DoubleNeg_P9_S72,999999.910000001,4741,0,DoubleNeg,0.76514812,batch1,batch1_DoubleNeg_P9_S72
batch2_pDC_P13_S49,pDC_P13_S49,1000000.27,4808,0,pDC,0.83945452,batch2,batch2_pDC_P13_S49
batch2_pDC_P13_S50,pDC_P13_S50,999999.82,4637,0,pDC,0.82039126,batch2,batch2_pDC_P13_S50
batch2_pDC_P13_S51,pDC_P13_S51,999999.949999998,4774,0,pDC,0.82305215,batch2,batch2_pDC_P13_S51
batch2_pDC_P13_S52,pDC_P13_S52,999999.660000002,4582,0,pDC,0.81448057,batch2,batch2_pDC_P13_S52
batch2_pDC_P13_S53,pDC_P13_S53,1000000.08,5101,0,pDC,0.83072636,batch2,batch2_pDC_P13_S53
batch2_pDC_P13_S54,pDC_P13_S54,999999.750000002,3705,0,pDC,0.84291935,batch2,batch2_pDC_P13_S54
batch2_pDC_P13_S55,pDC_P13_S55,1000000.23,4412,0,pDC,0.79403491,batch2,batch2_pDC_P13_S55
batch2_pDC_P13_S56,pDC_P13_S56,999999.719999999,4264,0,pDC,0.80420945,batch2,batch2_pDC_P13_S56
batch2_pDC_P13_S57,pDC_P13_S57,1000000.19,4040,0,pDC,0.757488,batch2,batch2_pDC_P13_S57
batch2_pDC_P13_S58,pDC_P13_S58,1000000.21,4500,0,pDC,0.79240168,batch2,batch2_pDC_P13_S58
batch2_pDC_P13_S59,pDC_P13_S59,999999.730000003,5045,0,pDC,0.81702777,batch2,batch2_pDC_P13_S59
batch2_pDC_P13_S60,pDC_P13_S60,999999.860000002,4881,0,pDC,0.78281281,batch2,batch2_pDC_P13_S60
batch2_pDC_P13_S61,pDC_P13_S61,999999.509999997,4241,0,pDC,0.83186859,batch2,batch2_pDC_P13_S61
batch2_pDC_P13_S62,pDC_P13_S62,1000000.33,4276,0,pDC,0.82252674,batch2,batch2_pDC_P13_S62
batch2_pDC_P13_S63,pDC_P13_S63,1000000.24,4959,0,pDC,0.80164141,batch2,batch2_pDC_P13_S63
batch2_pDC_P13_S64,pDC_P13_S64,1000000.28,4538,0,pDC,0.81374851,batch2,batch2_pDC_P13_S64
batch2_pDC_P13_S65,pDC_P13_S65,999999.749999998,4677,0,pDC,0.8032878,batch2,batch2_pDC_P13_S65
batch2_pDC_P13_S66,pDC_P13_S66,1000000.04,3412,0,pDC,0.81939533,batch2,batch2_pDC_P13_S66
batch2_pDC_P13_S67,pDC_P13_S67,999999.920000002,3929,0,pDC,0.78742823,batch2,batch2_pDC_P13_S67
batch2_pDC_P13_S68,pDC_P13_S68,999999.659999999,4319,0,pDC,0.80448776,batch2,batch2_pDC_P13_S68
batch2_pDC_P13_S69,pDC_P13_S69,1000000.04,4740,0,pDC,0.80539694,batch2,batch2_pDC_P13_S69
batch2_pDC_P13_S70,pDC_P13_S70,1000000.35,4475,0,pDC,0.80409206,batch2,batch2_pDC_P13_S70
batch2_pDC_P13_S71,pDC_P13_S71,999999.620000001,5625,0,pDC,0.82957774,batch2,batch2_pDC_P13_S71
batch2_pDC_P13_S72,pDC_P13_S72,1000000.23,5090,0,pDC,0.81817123,batch2,batch2_pDC_P13_S72
batch2_pDC_P14_S73,pDC_P14_S73,999999.97,4574,0,pDC,0.78280961,batch2,batch2_pDC_P14_S73
batch2_pDC_P14_S74,pDC_P14_S74,1000000.01,4359,0,pDC,0.79325972,batch2,batch2_pDC_P14_S74
batch2_pDC_P14_S75,pDC_P14_S75,999999.639999999,4902,0,pDC,0.7946788,batch2,batch2_pDC_P14_S75
batch2_pDC_P14_S76,pDC_P14_S76,1000000.33,4466,0,pDC,0.7817333,batch2,batch2_pDC_P14_S76
batch2_pDC_P14_S77,pDC_P14_S77,999999.679999999,4683,0,pDC,0.78085195,batch2,batch2_pDC_P14_S77
batch2_pDC_P14_S78,pDC_P14_S78,1000000.35,4787,0,pDC,0.83702254,batch2,batch2_pDC_P14_S78
batch2_pDC_P14_S79,pDC_P14_S79,1000000.01,4305,0,pDC,0.7895093,batch2,batch2_pDC_P14_S79
batch2_pDC_P14_S80,pDC_P14_S80,999999.96,4121,0,pDC,0.8213687,batch2,batch2_pDC_P14_S80
batch2_pDC_P14_S81,pDC_P14_S81,999999.78,4614,0,pDC,0.81905836,batch2,batch2_pDC_P14_S81
batch2_pDC_P14_S82,pDC_P14_S82,1000000.05,4319,0,pDC,0.74489097,batch2,batch2_pDC_P14_S82
batch2_pDC_P14_S83,pDC_P14_S83,999999.699999999,4759,0,pDC,0.8096886,batch2,batch2_pDC_P14_S83
batch2_pDC_P14_S84,pDC_P14_S84,1000000.03,3096,0,pDC,0.73514362,batch2,batch2_pDC_P14_S84
batch2_pDC_P14_S85,pDC_P14_S85,999999.919999997,4720,0,pDC,0.82719567,batch2,batch2_pDC_P14_S85
batch2_pDC_P14_S86,pDC_P14_S86,999999.519999997,4864,0,pDC,0.81614339,batch2,batch2_pDC_P14_S86
batch2_pDC_P14_S87,pDC_P14_S87,999999.660000002,4569,0,pDC,0.81354198,batch2,batch2_pDC_P14_S87
batch2_pDC_P14_S88,pDC_P14_S88,999999.94,4316,0,pDC,0.77650694,batch2,batch2_pDC_P14_S88
batch2_pDC_P14_S89,pDC_P14_S89,1000000.27,4139,0,pDC,0.79451298,batch2,batch2_pDC_P14_S89
batch2_pDC_P14_S90,pDC_P14_S90,1000000.02,4452,0,pDC,0.80027798,batch2,batch2_pDC_P14_S90
batch2_pDC_P14_S91,pDC_P14_S91,1000000.39,3989,0,pDC,0.7870207,batch2,batch2_pDC_P14_S91
batch2_pDC_P14_S92,pDC_P14_S92,1000000.06,4272,0,pDC,0.79204875,batch2,batch2_pDC_P14_S92
batch2_pDC_P14_S93,pDC_P14_S93,1000000.23,4382,0,pDC,0.78757378,batch2,batch2_pDC_P14_S93
batch2_pDC_P14_S94,pDC_P14_S94,1000000.17,4065,0,pDC,0.80520634,batch2,batch2_pDC_P14_S94
batch2_pDC_P14_S95,pDC_P14_S95,999999.92,4181,0,pDC,0.80876202,batch2,batch2_pDC_P14_S95
batch2_pDC_P14_S96,pDC_P14_S96,1000000.15,4221,0,pDC,0.80447003,batch2,batch2_pDC_P14_S96
batch2_pDC_P3_S10,pDC_P3_S10,999999.840000001,3835,0,pDC,0.78190567,batch2,batch2_pDC_P3_S10
batch2_pDC_P3_S11,pDC_P3_S11,1000000.01,3870,0,pDC,0.76956881,batch2,batch2_pDC_P3_S11
batch2_pDC_P3_S12,pDC_P3_S12,1000000.49,4344,0,pDC,0.77676972,batch2,batch2_pDC_P3_S12
batch2_pDC_P3_S13,pDC_P3_S13,999999.669999999,3961,0,pDC,0.80287605,batch2,batch2_pDC_P3_S13
batch2_pDC_P3_S14,pDC_P3_S14,999999.98,3783,0,pDC,0.81080556,batch2,batch2_pDC_P3_S14
batch2_pDC_P3_S15,pDC_P3_S15,999999.949999999,4249,0,pDC,0.76915605,batch2,batch2_pDC_P3_S15
batch2_pDC_P3_S16,pDC_P3_S16,1000000.07,3865,0,pDC,0.77186233,batch2,batch2_pDC_P3_S16
batch2_pDC_P3_S17,pDC_P3_S17,999999.990000003,3883,0,pDC,0.76801127,batch2,batch2_pDC_P3_S17
batch2_pDC_P3_S18,pDC_P3_S18,1000000.06,3469,0,pDC,0.76572598,batch2,batch2_pDC_P3_S18
batch2_pDC_P3_S19,pDC_P3_S19,999999.880000003,4052,0,pDC,0.76111416,batch2,batch2_pDC_P3_S19
batch2_pDC_P3_S1,pDC_P3_S1,999999.839999998,3545,0,pDC,0.7907566,batch2,batch2_pDC_P3_S1
batch2_pDC_P3_S20,pDC_P3_S20,1000000.15,3915,0,pDC,0.7655993,batch2,batch2_pDC_P3_S20
batch2_pDC_P3_S21,pDC_P3_S21,999999.809999998,3781,0,pDC,0.79406521,batch2,batch2_pDC_P3_S21
batch2_pDC_P3_S22,pDC_P3_S22,999999.870000002,4021,0,pDC,0.75046334,batch2,batch2_pDC_P3_S22
batch2_pDC_P3_S23,pDC_P3_S23,999999.699999997,3945,0,pDC,0.79178774,batch2,batch2_pDC_P3_S23
batch2_pDC_P3_S24,pDC_P3_S24,999999.879999999,4331,0,pDC,0.8141313,batch2,batch2_pDC_P3_S24
batch2_pDC_P3_S2,pDC_P3_S2,1000000.02,4078,0,pDC,0.7936282,batch2,batch2_pDC_P3_S2
batch2_pDC_P3_S3,pDC_P3_S3,1000000.24,4307,0,pDC,0.74501057,batch2,batch2_pDC_P3_S3
batch2_pDC_P3_S4,pDC_P3_S4,999999.769999998,3895,0,pDC,0.79174761,batch2,batch2_pDC_P3_S4
batch2_pDC_P3_S5,pDC_P3_S5,1000000.3,3978,0,pDC,0.80778225,batch2,batch2_pDC_P3_S5
batch2_pDC_P3_S6,pDC_P3_S6,1000000.17,3653,0,pDC,0.76410143,batch2,batch2_pDC_P3_S6
batch2_pDC_P3_S7,pDC_P3_S7,999999.809999999,3901,0,pDC,0.7829575,batch2,batch2_pDC_P3_S7
batch2_pDC_P3_S8,pDC_P3_S8,999999.909999998,4168,0,pDC,0.79008387,batch2,batch2_pDC_P3_S8
batch2_pDC_P3_S9,pDC_P3_S9,999999.84,3803,0,pDC,0.7707614,batch2,batch2_pDC_P3_S9
batch2_pDC_P4_S25,pDC_P4_S25,1000000.0,3950,0,pDC,0.77044137,batch2,batch2_pDC_P4_S25
batch2_pDC_P4_S26,pDC_P4_S26,1000000.11,4419,0,pDC,0.78802612,batch2,batch2_pDC_P4_S26
batch2_pDC_P4_S27,pDC_P4_S27,1000000.29,3088,0,pDC,0.6524882,batch2,batch2_pDC_P4_S27
batch2_pDC_P4_S28,pDC_P4_S28,999999.81,3966,0,pDC,0.7916154,batch2,batch2_pDC_P4_S28
batch2_pDC_P4_S29,pDC_P4_S29,1000000.03,4232,0,pDC,0.76269725,batch2,batch2_pDC_P4_S29
batch2_pDC_P4_S30,pDC_P4_S30,1000000.04,4567,0,pDC,0.81317588,batch2,batch2_pDC_P4_S30
batch2_pDC_P4_S31,pDC_P4_S31,1000000.2,4360,0,pDC,0.80259056,batch2,batch2_pDC_P4_S31
batch2_pDC_P4_S32,pDC_P4_S32,999999.909999998,4251,0,pDC,0.80634068,batch2,batch2_pDC_P4_S32
batch2_pDC_P4_S33,pDC_P4_S33,999999.739999999,4810,0,pDC,0.78078457,batch2,batch2_pDC_P4_S33
batch2_pDC_P4_S34,pDC_P4_S34,1000000.51,4456,0,pDC,0.79484885,batch2,batch2_pDC_P4_S34
batch2_pDC_P4_S35,pDC_P4_S35,1000000.17,4322,0,pDC,0.80419711,batch2,batch2_pDC_P4_S35
batch2_pDC_P4_S36,pDC_P4_S36,999999.790000003,4449,0,pDC,0.79488619,batch2,batch2_pDC_P4_S36
batch2_pDC_P4_S37,pDC_P4_S37,999999.859999999,3155,0,pDC,0.74101708,batch2,batch2_pDC_P4_S37
batch2_pDC_P4_S38,pDC_P4_S38,1000000.16,4228,0,pDC,0.78505485,batch2,batch2_pDC_P4_S38
batch2_pDC_P4_S39,pDC_P4_S39,999999.929999999,3092,0,pDC,0.80536202,batch2,batch2_pDC_P4_S39
batch2_pDC_P4_S40,pDC_P4_S40,999999.78,4471,0,pDC,0.76638023,batch2,batch2_pDC_P4_S40
batch2_pDC_P4_S41,pDC_P4_S41,1000000.18,4357,0,pDC,0.75464042,batch2,batch2_pDC_P4_S41
batch2_pDC_P4_S42,pDC_P4_S42,1000000.02,4373,0,pDC,0.82611726,batch2,batch2_pDC_P4_S42
batch2_pDC_P4_S43,pDC_P4_S43,999999.949999999,1933,0,pDC,0.22363543,batch2,batch2_pDC_P4_S43
batch2_pDC_P4_S44,pDC_P4_S44,999999.939999999,4380,0,pDC,0.77893745,batch2,batch2_pDC_P4_S44
batch2_pDC_P4_S45,pDC_P4_S45,1000000.53,4343,0,pDC,0.78007106,batch2,batch2_pDC_P4_S45
batch2_pDC_P4_S46,pDC_P4_S46,1000000.21,3806,0,pDC,0.75268714,batch2,batch2_pDC_P4_S46
batch2_pDC_P4_S47,pDC_P4_S47,999999.64,4366,0,pDC,0.77392896,batch2,batch2_pDC_P4_S47
batch2_pDC_P4_S48,pDC_P4_S48,999999.64,4214,0,pDC,0.76939094,batch2,batch2_pDC_P4_S48
batch2_DoubleNeg_P13_S49,DoubleNeg_P13_S49,1000000.26,4652,0,DoubleNeg,0.82612515,batch2,batch2_DoubleNeg_P13_S49
batch2_DoubleNeg_P13_S50,DoubleNeg_P13_S50,1000000.05,4768,0,DoubleNeg,0.79712214,batch2,batch2_DoubleNeg_P13_S50
batch2_DoubleNeg_P13_S51,DoubleNeg_P13_S51,999999.870000001,5255,0,DoubleNeg,0.62158254,batch2,batch2_DoubleNeg_P13_S51
batch2_DoubleNeg_P13_S52,DoubleNeg_P13_S52,1000000.23,4863,0,DoubleNeg,0.79271402,batch2,batch2_DoubleNeg_P13_S52
batch2_DoubleNeg_P13_S53,DoubleNeg_P13_S53,1000000.05,5126,0,DoubleNeg,0.81534426,batch2,batch2_DoubleNeg_P13_S53
batch2_DoubleNeg_P13_S54,DoubleNeg_P13_S54,1000000.47,3885,0,DoubleNeg,0.81644301,batch2,batch2_DoubleNeg_P13_S54
batch2_DoubleNeg_P13_S55,DoubleNeg_P13_S55,1000000.11,4234,0,DoubleNeg,0.75658797,batch2,batch2_DoubleNeg_P13_S55
batch2_DoubleNeg_P13_S56,DoubleNeg_P13_S56,1000000.43,4829,0,DoubleNeg,0.80184032,batch2,batch2_DoubleNeg_P13_S56
batch2_DoubleNeg_P13_S57,DoubleNeg_P13_S57,999999.709999998,5087,0,DoubleNeg,0.80103475,batch2,batch2_DoubleNeg_P13_S57
batch2_DoubleNeg_P13_S58,DoubleNeg_P13_S58,999999.809999999,5118,0,DoubleNeg,0.79318462,batch2,batch2_DoubleNeg_P13_S58
batch2_DoubleNeg_P13_S59,DoubleNeg_P13_S59,999999.720000002,4927,0,DoubleNeg,0.80408538,batch2,batch2_DoubleNeg_P13_S59
batch2_DoubleNeg_P13_S60,DoubleNeg_P13_S60,999999.99,5130,0,DoubleNeg,0.81306284,batch2,batch2_DoubleNeg_P13_S60
batch2_DoubleNeg_P13_S61,DoubleNeg_P13_S61,999999.839999998,4616,0,DoubleNeg,0.767462,batch2,batch2_DoubleNeg_P13_S61
batch2_DoubleNeg_P13_S62,DoubleNeg_P13_S62,1000000.04,3948,0,DoubleNeg,0.76104278,batch2,batch2_DoubleNeg_P13_S62
batch2_DoubleNeg_P13_S63,DoubleNeg_P13_S63,1000000.28,4436,0,DoubleNeg,0.80338322,batch2,batch2_DoubleNeg_P13_S63
batch2_DoubleNeg_P13_S64,DoubleNeg_P13_S64,1000000.03,3110,0,DoubleNeg,0.7938281,batch2,batch2_DoubleNeg_P13_S64
batch2_DoubleNeg_P13_S65,DoubleNeg_P13_S65,1000000.03,4884,0,DoubleNeg,0.78218907,batch2,batch2_DoubleNeg_P13_S65
batch2_DoubleNeg_P13_S66,DoubleNeg_P13_S66,999999.82,3474,0,DoubleNeg,0.81053616,batch2,batch2_DoubleNeg_P13_S66
batch2_DoubleNeg_P13_S67,DoubleNeg_P13_S67,999999.789999999,4365,0,DoubleNeg,0.83123838,batch2,batch2_DoubleNeg_P13_S67
batch2_DoubleNeg_P13_S68,DoubleNeg_P13_S68,999999.69,4252,0,DoubleNeg,0.77290294,batch2,batch2_DoubleNeg_P13_S68
batch2_DoubleNeg_P13_S69,DoubleNeg_P13_S69,999999.789999998,4780,0,DoubleNeg,0.80094565,batch2,batch2_DoubleNeg_P13_S69
batch2_DoubleNeg_P13_S70,DoubleNeg_P13_S70,1000000.04,4812,0,DoubleNeg,0.78723233,batch2,batch2_DoubleNeg_P13_S70
batch2_DoubleNeg_P13_S71,DoubleNeg_P13_S71,999999.979999999,4920,0,DoubleNeg,0.81706242,batch2,batch2_DoubleNeg_P13_S71
batch2_DoubleNeg_P13_S72,DoubleNeg_P13_S72,999999.73,4989,0,DoubleNeg,0.76849299,batch2,batch2_DoubleNeg_P13_S72
batch2_DoubleNeg_P14_S73,DoubleNeg_P14_S73,1000000.41,3659,0,DoubleNeg,0.79162613,batch2,batch2_DoubleNeg_P14_S73
batch2_DoubleNeg_P14_S74,DoubleNeg_P14_S74,1000000.03,4139,0,DoubleNeg,0.78255855,batch2,batch2_DoubleNeg_P14_S74
batch2_DoubleNeg_P14_S75,DoubleNeg_P14_S75,999999.849999998,3825,0,DoubleNeg,0.79325248,batch2,batch2_DoubleNeg_P14_S75
batch2_DoubleNeg_P14_S76,DoubleNeg_P14_S76,999999.739999999,3895,0,DoubleNeg,0.81463546,batch2,batch2_DoubleNeg_P14_S76
batch2_DoubleNeg_P14_S77,DoubleNeg_P14_S77,1000000.07,4406,0,DoubleNeg,0.82270171,batch2,batch2_DoubleNeg_P14_S77
batch2_DoubleNeg_P14_S78,DoubleNeg_P14_S78,999999.89,4183,0,DoubleNeg,0.80169867,batch2,batch2_DoubleNeg_P14_S78
batch2_DoubleNeg_P14_S79,DoubleNeg_P14_S79,1000000.4,4468,0,DoubleNeg,0.80820079,batch2,batch2_DoubleNeg_P14_S79
batch2_DoubleNeg_P14_S80,DoubleNeg_P14_S80,999999.909999997,3726,0,DoubleNeg,0.77728465,batch2,batch2_DoubleNeg_P14_S80
batch2_DoubleNeg_P14_S81,DoubleNeg_P14_S81,999999.85,4057,0,DoubleNeg,0.79542631,batch2,batch2_DoubleNeg_P14_S81
batch2_DoubleNeg_P14_S82,DoubleNeg_P14_S82,999999.720000002,3329,0,DoubleNeg,0.7845045,batch2,batch2_DoubleNeg_P14_S82
batch2_DoubleNeg_P14_S83,DoubleNeg_P14_S83,999999.950000003,4395,0,DoubleNeg,0.81756287,batch2,batch2_DoubleNeg_P14_S83
batch2_DoubleNeg_P14_S84,DoubleNeg_P14_S84,999999.860000001,4235,0,DoubleNeg,0.81424348,batch2,batch2_DoubleNeg_P14_S84
batch2_DoubleNeg_P14_S85,DoubleNeg_P14_S85,1000000.09,4260,0,DoubleNeg,0.82743789,batch2,batch2_DoubleNeg_P14_S85
batch2_DoubleNeg_P14_S86,DoubleNeg_P14_S86,999999.790000002,4628,0,DoubleNeg,0.80710333,batch2,batch2_DoubleNeg_P14_S86
batch2_DoubleNeg_P14_S87,DoubleNeg_P14_S87,999999.73,5050,0,DoubleNeg,0.79794884,batch2,batch2_DoubleNeg_P14_S87
batch2_DoubleNeg_P14_S88,DoubleNeg_P14_S88,999999.979999999,4123,0,DoubleNeg,0.80252067,batch2,batch2_DoubleNeg_P14_S88
batch2_DoubleNeg_P14_S89,DoubleNeg_P14_S89,1000000.3,3774,0,DoubleNeg,0.79800521,batch2,batch2_DoubleNeg_P14_S89
batch2_DoubleNeg_P14_S90,DoubleNeg_P14_S90,999999.829999998,4281,0,DoubleNeg,0.79600233,batch2,batch2_DoubleNeg_P14_S90
batch2_DoubleNeg_P14_S91,DoubleNeg_P14_S91,999999.790000002,3635,0,DoubleNeg,0.77295159,batch2,batch2_DoubleNeg_P14_S91
batch2_DoubleNeg_P14_S92,DoubleNeg_P14_S92,999999.870000002,4314,0,DoubleNeg,0.77992937,batch2,batch2_DoubleNeg_P14_S92
batch2_DoubleNeg_P14_S93,DoubleNeg_P14_S93,999999.970000002,4847,0,DoubleNeg,0.80309734,batch2,batch2_DoubleNeg_P14_S93
batch2_DoubleNeg_P14_S94,DoubleNeg_P14_S94,1000000.23,4588,0,DoubleNeg,0.81254884,batch2,batch2_DoubleNeg_P14_S94
batch2_DoubleNeg_P14_S95,DoubleNeg_P14_S95,1000000.34,5118,0,DoubleNeg,0.79491275,batch2,batch2_DoubleNeg_P14_S95
batch2_DoubleNeg_P14_S96,DoubleNeg_P14_S96,999999.98,271,0,DoubleNeg,0.56322533,batch2,batch2_DoubleNeg_P14_S96
batch2_DoubleNeg_P3_S10,DoubleNeg_P3_S10,1000000.17,4050,0,DoubleNeg,0.79652502,batch2,batch2_DoubleNeg_P3_S10
batch2_DoubleNeg_P3_S11,DoubleNeg_P3_S11,1000000.07,211,0,DoubleNeg,0.39463771,batch2,batch2_DoubleNeg_P3_S11
batch2_DoubleNeg_P3_S12,DoubleNeg_P3_S12,999999.739999999,3579,0,DoubleNeg,0.75803466,batch2,batch2_DoubleNeg_P3_S12
batch2_DoubleNeg_P3_S13,DoubleNeg_P3_S13,999999.89,4500,0,DoubleNeg,0.78102123,batch2,batch2_DoubleNeg_P3_S13
batch2_DoubleNeg_P3_S14,DoubleNeg_P3_S14,999999.96,4418,0,DoubleNeg,0.73461671,batch2,batch2_DoubleNeg_P3_S14
batch2_DoubleNeg_P3_S15,DoubleNeg_P3_S15,1000000.11,4126,0,DoubleNeg,0.7925518,batch2,batch2_DoubleNeg_P3_S15
batch2_DoubleNeg_P3_S16,DoubleNeg_P3_S16,999999.89,4035,0,DoubleNeg,0.82452867,batch2,batch2_DoubleNeg_P3_S16
batch2_DoubleNeg_P3_S17,DoubleNeg_P3_S17,999999.64,4271,0,DoubleNeg,0.76739919,batch2,batch2_DoubleNeg_P3_S17
batch2_DoubleNeg_P3_S18,DoubleNeg_P3_S18,999999.969999999,3582,0,DoubleNeg,0.78348177,batch2,batch2_DoubleNeg_P3_S18
batch2_DoubleNeg_P3_S19,DoubleNeg_P3_S19,1000000.04,3823,0,DoubleNeg,0.80190122,batch2,batch2_DoubleNeg_P3_S19
batch2_DoubleNeg_P3_S1,DoubleNeg_P3_S1,999999.979999998,3950,0,DoubleNeg,0.7926384,batch2,batch2_DoubleNeg_P3_S1
batch2_DoubleNeg_P3_S20,DoubleNeg_P3_S20,1000000.37,4536,0,DoubleNeg,0.80962185,batch2,batch2_DoubleNeg_P3_S20
batch2_DoubleNeg_P3_S21,DoubleNeg_P3_S21,999999.960000001,4651,0,DoubleNeg,0.81088767,batch2,batch2_DoubleNeg_P3_S21
batch2_DoubleNeg_P3_S22,DoubleNeg_P3_S22,999999.93,4210,0,DoubleNeg,0.7225812,batch2,batch2_DoubleNeg_P3_S22
batch2_DoubleNeg_P3_S23,DoubleNeg_P3_S23,999999.969999998,4196,0,DoubleNeg,0.79813294,batch2,batch2_DoubleNeg_P3_S23
batch2_DoubleNeg_P3_S24,DoubleNeg_P3_S24,1000000.07,4250,0,DoubleNeg,0.79411294,batch2,batch2_DoubleNeg_P3_S24
batch2_DoubleNeg_P3_S2,DoubleNeg_P3_S2,1000000.03,3336,0,DoubleNeg,0.798242,batch2,batch2_DoubleNeg_P3_S2
batch2_DoubleNeg_P3_S3,DoubleNeg_P3_S3,1000000.06,3853,0,DoubleNeg,0.80387015,batch2,batch2_DoubleNeg_P3_S3
batch2_DoubleNeg_P3_S4,DoubleNeg_P3_S4,999999.710000003,3974,0,DoubleNeg,0.81941389,batch2,batch2_DoubleNeg_P3_S4
batch2_DoubleNeg_P3_S5,DoubleNeg_P3_S5,999999.770000004,4165,0,DoubleNeg,0.7572041,batch2,batch2_DoubleNeg_P3_S5
batch2_DoubleNeg_P3_S6,DoubleNeg_P3_S6,1000000.04,158,0,DoubleNeg,0.40116906,batch2,batch2_DoubleNeg_P3_S6
batch2_DoubleNeg_P3_S7,DoubleNeg_P3_S7,999999.970000001,3955,0,DoubleNeg,0.79034032,batch2,batch2_DoubleNeg_P3_S7
batch2_DoubleNeg_P3_S8,DoubleNeg_P3_S8,999999.979999999,3887,0,DoubleNeg,0.78055299,batch2,batch2_DoubleNeg_P3_S8
batch2_DoubleNeg_P3_S9,DoubleNeg_P3_S9,999999.810000001,4139,0,DoubleNeg,0.73008392,batch2,batch2_DoubleNeg_P3_S9
batch2_DoubleNeg_P4_S25,DoubleNeg_P4_S25,1000000.03,4121,0,DoubleNeg,0.78074581,batch2,batch2_DoubleNeg_P4_S25
batch2_DoubleNeg_P4_S26,DoubleNeg_P4_S26,1000000.0,4212,0,DoubleNeg,0.79022411,batch2,batch2_DoubleNeg_P4_S26
batch2_DoubleNeg_P4_S27,DoubleNeg_P4_S27,1000000.04,3449,0,DoubleNeg,0.78030584,batch2,batch2_DoubleNeg_P4_S27
batch2_DoubleNeg_P4_S28,DoubleNeg_P4_S28,999999.839999999,4625,0,DoubleNeg,0.74192353,batch2,batch2_DoubleNeg_P4_S28
batch2_DoubleNeg_P4_S29,DoubleNeg_P4_S29,999999.610000001,3199,0,DoubleNeg,0.78817005,batch2,batch2_DoubleNeg_P4_S29
batch2_DoubleNeg_P4_S30,DoubleNeg_P4_S30,1000000.4,3890,0,DoubleNeg,0.79565791,batch2,batch2_DoubleNeg_P4_S30
batch2_DoubleNeg_P4_S31,DoubleNeg_P4_S31,999999.930000001,4245,0,DoubleNeg,0.77653491,batch2,batch2_DoubleNeg_P4_S31
batch2_DoubleNeg_P4_S32,DoubleNeg_P4_S32,1000000.3,4384,0,DoubleNeg,0.77071708,batch2,batch2_DoubleNeg_P4_S32
batch2_DoubleNeg_P4_S33,DoubleNeg_P4_S33,1000000.18,3433,0,DoubleNeg,0.74258723,batch2,batch2_DoubleNeg_P4_S33
batch2_DoubleNeg_P4_S34,DoubleNeg_P4_S34,1000000.3,4218,0,DoubleNeg,0.79388451,batch2,batch2_DoubleNeg_P4_S34
batch2_DoubleNeg_P4_S35,DoubleNeg_P4_S35,999999.63,3515,0,DoubleNeg,0.76649327,batch2,batch2_DoubleNeg_P4_S35
batch2_DoubleNeg_P4_S36,DoubleNeg_P4_S36,999999.66,3578,0,DoubleNeg,0.78443553,batch2,batch2_DoubleNeg_P4_S36
batch2_DoubleNeg_P4_S37,DoubleNeg_P4_S37,999999.870000001,4180,0,DoubleNeg,0.77546626,batch2,batch2_DoubleNeg_P4_S37
batch2_DoubleNeg_P4_S38,DoubleNeg_P4_S38,1000000.11,4140,0,DoubleNeg,0.77960514,batch2,batch2_DoubleNeg_P4_S38
batch2_DoubleNeg_P4_S39,DoubleNeg_P4_S39,999999.679999995,4631,0,DoubleNeg,0.76155864,batch2,batch2_DoubleNeg_P4_S39
batch2_DoubleNeg_P4_S40,DoubleNeg_P4_S40,999999.69,4257,0,DoubleNeg,0.76282047,batch2,batch2_DoubleNeg_P4_S40
batch2_DoubleNeg_P4_S41,DoubleNeg_P4_S41,999999.689999999,4111,0,DoubleNeg,0.78649286,batch2,batch2_DoubleNeg_P4_S41
batch2_DoubleNeg_P4_S42,DoubleNeg_P4_S42,1000000.28,3391,0,DoubleNeg,0.76820297,batch2,batch2_DoubleNeg_P4_S42
batch2_DoubleNeg_P4_S43,DoubleNeg_P4_S43,999999.660000001,4676,0,DoubleNeg,0.78455252,batch2,batch2_DoubleNeg_P4_S43
batch2_DoubleNeg_P4_S44,DoubleNeg_P4_S44,999999.889999999,4185,0,DoubleNeg,0.76970877,batch2,batch2_DoubleNeg_P4_S44
batch2_DoubleNeg_P4_S45,DoubleNeg_P4_S45,1000000.09,4404,0,DoubleNeg,0.76845584,batch2,batch2_DoubleNeg_P4_S45
batch2_DoubleNeg_P4_S46,DoubleNeg_P4_S46,1000000.06,4324,0,DoubleNeg,0.75617004,batch2,batch2_DoubleNeg_P4_S46
batch2_DoubleNeg_P4_S47,DoubleNeg_P4_S47,1000000.03,3581,0,DoubleNeg,0.78023126,batch2,batch2_DoubleNeg_P4_S47
batch2_DoubleNeg_P4_S48,DoubleNeg_P4_S48,999999.899999999,4785,0,DoubleNeg,0.75125424,batch2,batch2_DoubleNeg_P4_S48
batch2_CD1C_P13_S49,CD1C_P13_S49,999999.940000001,4789,0,CD1C,0.76004464,batch2,batch2_CD1C_P13_S49
batch2_CD1C_P13_S50,CD1C_P13_S50,1000000.48,5507,0,CD1C,0.71039953,batch2,batch2_CD1C_P13_S50
batch2_CD1C_P13_S51,CD1C_P13_S51,999999.870000002,4398,0,CD1C,0.72961216,batch2,batch2_CD1C_P13_S51
batch2_CD1C_P13_S52,CD1C_P13_S52,999999.869999998,4388,0,CD1C,0.7589205,batch2,batch2_CD1C_P13_S52
batch2_CD1C_P13_S53,CD1C_P13_S53,999999.910000001,4883,0,CD1C,0.74613982,batch2,batch2_CD1C_P13_S53
batch2_CD1C_P13_S54,CD1C_P13_S54,999999.930000001,4074,0,CD1C,0.76441674,batch2,batch2_CD1C_P13_S54
batch2_CD1C_P13_S55,CD1C_P13_S55,999999.959999999,3919,0,CD1C,0.72238603,batch2,batch2_CD1C_P13_S55
batch2_CD1C_P13_S56,CD1C_P13_S56,999999.750000001,4320,0,CD1C,0.74277918,batch2,batch2_CD1C_P13_S56
batch2_CD1C_P13_S57,CD1C_P13_S57,999999.429999998,5061,0,CD1C,0.77949947,batch2,batch2_CD1C_P13_S57
batch2_CD1C_P13_S58,CD1C_P13_S58,999999.899999999,5049,0,CD1C,0.76306737,batch2,batch2_CD1C_P13_S58
batch2_CD1C_P13_S59,CD1C_P13_S59,1000000.2,5509,0,CD1C,0.7565778,batch2,batch2_CD1C_P13_S59
batch2_CD1C_P13_S60,CD1C_P13_S60,999999.829999998,5016,0,CD1C,0.74919639,batch2,batch2_CD1C_P13_S60
batch2_CD1C_P13_S61,CD1C_P13_S61,999999.599999999,10290,0,CD1C,0.77439122,batch2,batch2_CD1C_P13_S61
batch2_CD1C_P13_S62,CD1C_P13_S62,999999.909999999,4653,0,CD1C,0.75725502,batch2,batch2_CD1C_P13_S62
batch2_CD1C_P13_S63,CD1C_P13_S63,1000000.22,5352,0,CD1C,0.77235989,batch2,batch2_CD1C_P13_S63
batch2_CD1C_P13_S64,CD1C_P13_S64,999999.840000002,4458,0,CD1C,0.7859966,batch2,batch2_CD1C_P13_S64
batch2_CD1C_P13_S65,CD1C_P13_S65,1000000.08,4885,0,CD1C,0.76264002,batch2,batch2_CD1C_P13_S65
batch2_CD1C_P13_S66,CD1C_P13_S66,999999.810000003,4228,0,CD1C,0.76456263,batch2,batch2_CD1C_P13_S66
batch2_CD1C_P13_S67,CD1C_P13_S67,999999.93,4290,0,CD1C,0.73022773,batch2,batch2_CD1C_P13_S67
batch2_CD1C_P13_S68,CD1C_P13_S68,999999.98,4653,0,CD1C,0.72342315,batch2,batch2_CD1C_P13_S68
batch2_CD1C_P13_S69,CD1C_P13_S69,1000000.12,5158,0,CD1C,0.75937257,batch2,batch2_CD1C_P13_S69
batch2_CD1C_P13_S70,CD1C_P13_S70,1000000.31,3492,0,CD1C,0.74416749,batch2,batch2_CD1C_P13_S70
batch2_CD1C_P13_S71,CD1C_P13_S71,1000000.34,5007,0,CD1C,0.73391005,batch2,batch2_CD1C_P13_S71
batch2_CD1C_P13_S72,CD1C_P13_S72,999999.8,4760,0,CD1C,0.75750558,batch2,batch2_CD1C_P13_S72
batch2_CD1C_P14_S73,CD1C_P14_S73,1000000.22,4722,0,CD1C,0.75373409,batch2,batch2_CD1C_P14_S73
batch2_CD1C_P14_S74,CD1C_P14_S74,999999.800000001,3924,0,CD1C,0.7513815,batch2,batch2_CD1C_P14_S74
batch2_CD1C_P14_S75,CD1C_P14_S75,1000000.32,4299,0,CD1C,0.73213949,batch2,batch2_CD1C_P14_S75
batch2_CD1C_P14_S76,CD1C_P14_S76,1000000.03,4485,0,CD1C,0.74902862,batch2,batch2_CD1C_P14_S76
batch2_CD1C_P14_S77,CD1C_P14_S77,999999.939999999,4388,0,CD1C,0.74387101,batch2,batch2_CD1C_P14_S77
batch2_CD1C_P14_S78,CD1C_P14_S78,1000000.29,3250,0,CD1C,0.73156468,batch2,batch2_CD1C_P14_S78
batch2_CD1C_P14_S79,CD1C_P14_S79,1000000.32,5004,0,CD1C,0.75889787,batch2,batch2_CD1C_P14_S79
batch2_CD1C_P14_S80,CD1C_P14_S80,999999.879999998,4131,0,CD1C,0.7668594,batch2,batch2_CD1C_P14_S80
batch2_CD1C_P14_S81,CD1C_P14_S81,999999.899999998,4494,0,CD1C,0.76300061,batch2,batch2_CD1C_P14_S81
batch2_CD1C_P14_S82,CD1C_P14_S82,999999.890000001,4545,0,CD1C,0.75998733,batch2,batch2_CD1C_P14_S82
batch2_CD1C_P14_S83,CD1C_P14_S83,999999.420000002,4097,0,CD1C,0.73395314,batch2,batch2_CD1C_P14_S83
batch2_CD1C_P14_S84,CD1C_P14_S84,1000000.01,4241,0,CD1C,0.70915429,batch2,batch2_CD1C_P14_S84
batch2_CD1C_P14_S85,CD1C_P14_S85,999999.750000003,9892,0,CD1C,0.63872126,batch2,batch2_CD1C_P14_S85
batch2_CD1C_P14_S86,CD1C_P14_S86,999999.98,5383,0,CD1C,0.77943166,batch2,batch2_CD1C_P14_S86
batch2_CD1C_P14_S87,CD1C_P14_S87,999999.87,4636,0,CD1C,0.71073494,batch2,batch2_CD1C_P14_S87
batch2_CD1C_P14_S88,CD1C_P14_S88,1000000.15,4973,0,CD1C,0.73768112,batch2,batch2_CD1C_P14_S88
batch2_CD1C_P14_S89,CD1C_P14_S89,1000000.09,4636,0,CD1C,0.72066711,batch2,batch2_CD1C_P14_S89
batch2_CD1C_P14_S90,CD1C_P14_S90,999999.860000002,4260,0,CD1C,0.76313016,batch2,batch2_CD1C_P14_S90
batch2_CD1C_P14_S91,CD1C_P14_S91,999999.790000002,3934,0,CD1C,0.73617278,batch2,batch2_CD1C_P14_S91
batch2_CD1C_P14_S92,CD1C_P14_S92,999999.860000003,4031,0,CD1C,0.73529619,batch2,batch2_CD1C_P14_S92
batch2_CD1C_P14_S93,CD1C_P14_S93,999999.939999997,4669,0,CD1C,0.73960227,batch2,batch2_CD1C_P14_S93
batch2_CD1C_P14_S94,CD1C_P14_S94,1000000.16,4005,0,CD1C,0.77255173,batch2,batch2_CD1C_P14_S94
batch2_CD1C_P14_S95,CD1C_P14_S95,999999.780000001,4252,0,CD1C,0.7084532,batch2,batch2_CD1C_P14_S95
batch2_CD1C_P14_S96,CD1C_P14_S96,1000000.16,4652,0,CD1C,0.73604627,batch2,batch2_CD1C_P14_S96
batch2_CD1C_P3_S10,CD1C_P3_S10,1000000.04,4297,0,CD1C,0.7217169,batch2,batch2_CD1C_P3_S10
batch2_CD1C_P3_S11,CD1C_P3_S11,999999.650000001,3808,0,CD1C,0.72920677,batch2,batch2_CD1C_P3_S11
batch2_CD1C_P3_S12,CD1C_P3_S12,1000000.49,4189,0,CD1C,0.7412995,batch2,batch2_CD1C_P3_S12
batch2_CD1C_P3_S13,CD1C_P3_S13,999999.839999999,7703,0,CD1C,0.63861971,batch2,batch2_CD1C_P3_S13
batch2_CD1C_P3_S14,CD1C_P3_S14,999999.969999999,4331,0,CD1C,0.736849,batch2,batch2_CD1C_P3_S14
batch2_CD1C_P3_S15,CD1C_P3_S15,1000000.17,4361,0,CD1C,0.70598465,batch2,batch2_CD1C_P3_S15
batch2_CD1C_P3_S16,CD1C_P3_S16,1000000.27,4089,0,CD1C,0.74843959,batch2,batch2_CD1C_P3_S16
batch2_CD1C_P3_S17,CD1C_P3_S17,999999.86,4382,0,CD1C,0.73665503,batch2,batch2_CD1C_P3_S17
batch2_CD1C_P3_S18,CD1C_P3_S18,1000000.05,4250,0,CD1C,0.76630598,batch2,batch2_CD1C_P3_S18
batch2_CD1C_P3_S19,CD1C_P3_S19,999999.770000001,4104,0,CD1C,0.74341943,batch2,batch2_CD1C_P3_S19
batch2_CD1C_P3_S1,CD1C_P3_S1,1000000.15,3727,0,CD1C,0.72932867,batch2,batch2_CD1C_P3_S1
batch2_CD1C_P3_S20,CD1C_P3_S20,999999.72,3904,0,CD1C,0.71404801,batch2,batch2_CD1C_P3_S20
batch2_CD1C_P3_S21,CD1C_P3_S21,1000000.07,3502,0,CD1C,0.70925332,batch2,batch2_CD1C_P3_S21
batch2_CD1C_P3_S22,CD1C_P3_S22,999999.959999997,4105,0,CD1C,0.73623771,batch2,batch2_CD1C_P3_S22
batch2_CD1C_P3_S23,CD1C_P3_S23,999999.89,4567,0,CD1C,0.74004988,batch2,batch2_CD1C_P3_S23
batch2_CD1C_P3_S24,CD1C_P3_S24,999999.859999998,3740,0,CD1C,0.71958788,batch2,batch2_CD1C_P3_S24
batch2_CD1C_P3_S2,CD1C_P3_S2,1000000.22,4372,0,CD1C,0.6995185,batch2,batch2_CD1C_P3_S2
batch2_CD1C_P3_S3,CD1C_P3_S3,999999.869999999,4339,0,CD1C,0.73529836,batch2,batch2_CD1C_P3_S3
batch2_CD1C_P3_S4,CD1C_P3_S4,1000000.13,4203,0,CD1C,0.75427198,batch2,batch2_CD1C_P3_S4
batch2_CD1C_P3_S5,CD1C_P3_S5,1000000.29,4330,0,CD1C,0.71568319,batch2,batch2_CD1C_P3_S5
batch2_CD1C_P3_S6,CD1C_P3_S6,999999.87,4122,0,CD1C,0.77547762,batch2,batch2_CD1C_P3_S6
batch2_CD1C_P3_S7,CD1C_P3_S7,999999.800000001,3715,0,CD1C,0.71416391,batch2,batch2_CD1C_P3_S7
batch2_CD1C_P3_S8,CD1C_P3_S8,1000000.07,4036,0,CD1C,0.72414378,batch2,batch2_CD1C_P3_S8
batch2_CD1C_P3_S9,CD1C_P3_S9,999999.98,185,0,CD1C,0.35752756,batch2,batch2_CD1C_P3_S9
batch2_CD1C_P4_S25,CD1C_P4_S25,999999.739999997,4865,0,CD1C,0.79026267,batch2,batch2_CD1C_P4_S25
batch2_CD1C_P4_S26,CD1C_P4_S26,1000000.41,4901,0,CD1C,0.7387032,batch2,batch2_CD1C_P4_S26
batch2_CD1C_P4_S27,CD1C_P4_S27,1000000.1,4308,0,CD1C,0.72985234,batch2,batch2_CD1C_P4_S27
batch2_CD1C_P4_S28,CD1C_P4_S28,999999.85,3977,0,CD1C,0.73745546,batch2,batch2_CD1C_P4_S28
batch2_CD1C_P4_S29,CD1C_P4_S29,999999.579999999,3794,0,CD1C,0.71640974,batch2,batch2_CD1C_P4_S29
batch2_CD1C_P4_S30,CD1C_P4_S30,999999.629999999,4554,0,CD1C,0.75202403,batch2,batch2_CD1C_P4_S30
batch2_CD1C_P4_S31,CD1C_P4_S31,999999.899999999,3819,0,CD1C,0.70576605,batch2,batch2_CD1C_P4_S31
batch2_CD1C_P4_S32,CD1C_P4_S32,999999.93,4432,0,CD1C,0.73598117,batch2,batch2_CD1C_P4_S32
batch2_CD1C_P4_S33,CD1C_P4_S33,999999.97,218,0,CD1C,0.23068485,batch2,batch2_CD1C_P4_S33
batch2_CD1C_P4_S34,CD1C_P4_S34,1000000.16,4403,0,CD1C,0.70306746,batch2,batch2_CD1C_P4_S34
batch2_CD1C_P4_S35,CD1C_P4_S35,999999.710000001,4559,0,CD1C,0.74490139,batch2,batch2_CD1C_P4_S35
batch2_CD1C_P4_S36,CD1C_P4_S36,999999.970000002,4470,0,CD1C,0.73502685,batch2,batch2_CD1C_P4_S36
batch2_CD1C_P4_S37,CD1C_P4_S37,999999.649999998,8672,0,CD1C,0.59296198,batch2,batch2_CD1C_P4_S37
batch2_CD1C_P4_S38,CD1C_P4_S38,999999.919999998,4294,0,CD1C,0.75902446,batch2,batch2_CD1C_P4_S38
batch2_CD1C_P4_S39,CD1C_P4_S39,999999.949999999,4499,0,CD1C,0.71936495,batch2,batch2_CD1C_P4_S39
batch2_CD1C_P4_S40,CD1C_P4_S40,999999.989999997,4530,0,CD1C,0.73093729,batch2,batch2_CD1C_P4_S40
batch2_CD1C_P4_S41,CD1C_P4_S41,1000000.07,4310,0,CD1C,0.72584269,batch2,batch2_CD1C_P4_S41
batch2_CD1C_P4_S42,CD1C_P4_S42,999999.98,3896,0,CD1C,0.7717821,batch2,batch2_CD1C_P4_S42
batch2_CD1C_P4_S43,CD1C_P4_S43,1000000.13,4299,0,CD1C,0.73998716,batch2,batch2_CD1C_P4_S43
batch2_CD1C_P4_S44,CD1C_P4_S44,999999.899999998,4353,0,CD1C,0.72314616,batch2,batch2_CD1C_P4_S44
batch2_CD1C_P4_S45,CD1C_P4_S45,999999.930000001,3722,0,CD1C,0.73432378,batch2,batch2_CD1C_P4_S45
batch2_CD1C_P4_S46,CD1C_P4_S46,999999.930000002,3608,0,CD1C,0.69082685,batch2,batch2_CD1C_P4_S46
batch2_CD1C_P4_S47,CD1C_P4_S47,1000000.21,4253,0,CD1C,0.72458933,batch2,batch2_CD1C_P4_S47
batch2_CD1C_P4_S48,CD1C_P4_S48,1000000.0,4114,0,CD1C,0.74570939,batch2,batch2_CD1C_P4_S48
